id,first_name,last_name,email,gender,ip_address
1,Tildy,Bottlestone,tbottlestone0@latimes.com,Female,82.237.159.34
2,Boony,Hallybone,bhallybone1@walmart.com,Male,34.5.15.100
3,Joella,Worrall,jworrall2@ning.com,Female,220.72.195.212
4,Jacquenetta,Kleinzweig,jkleinzweig3@vinaora.com,Female,204.105.213.31
5,Gerda,Dempsey,gdempsey4@google.com,Female,126.83.232.31
6,Hector,Poker,hpoker5@tmall.com,Male,241.110.70.205
7,Valeria,Bungey,vbungey6@usa.gov,Female,152.238.215.50
8,Etheline,Dubery,edubery7@ebay.co.uk,Female,116.77.193.0
9,Minni,Plaschke,mplaschke8@businessweek.com,Female,21.92.213.154
10,Burgess,Branney,bbranney9@google.it,Male,191.55.223.87
11,Celie,Krzyzanowski,ckrzyzanowskia@google.nl,Female,111.74.79.146
12,Gianni,Hambleton,ghambletonb@unc.edu,Male,253.200.8.119
13,Maje,Rash,mrashc@soundcloud.com,Male,102.115.140.200
14,Oralla,Mushawe,omushawed@alibaba.com,Female,124.50.137.145
15,Read,Trodler,rtrodlere@artisteer.com,Male,66.30.98.35
16,Shermie,Wynter,swynterf@elpais.com,Male,35.124.118.166
17,Sholom,McKennan,smckennang@w3.org,Male,98.10.248.96
18,Bobbee,Hallwood,bhallwoodh@seesaa.net,Female,29.227.228.231
19,Davide,Fessier,dfessieri@hostgator.com,Male,248.30.113.254
20,Tandie,Crann,tcrannj@huffingtonpost.com,Female,18.234.54.212
21,Ynez,Waples,ywaplesk@blinklist.com,Female,118.83.34.221
22,Freddy,MacConneely,fmacconneelyl@soundcloud.com,Male,233.23.167.18
23,Abelard,Weber,aweberm@youku.com,Male,122.199.212.79
24,Silvio,Rylance,srylancen@cnet.com,Male,103.206.171.190
25,Lombard,Peche,lpecheo@digg.com,Male,85.130.191.177
26,Ignatius,Hearn,ihearnp@unesco.org,Male,63.225.211.212
27,Anson,Furst,afurstq@wp.com,Male,116.167.207.252
28,Saw,Madison,smadisonr@4shared.com,Male,158.56.93.132
29,Carmelina,Stoving,cstovings@guardian.co.uk,Female,78.46.5.25
30,Ernesta,Broxap,ebroxapt@wix.com,Female,199.1.1.147
31,Duane,Kirkness,dkirknessu@go.com,Male,226.125.0.247
32,Bradan,Girardengo,bgirardengov@example.com,Male,192.217.45.128
33,Tiffie,Cogger,tcoggerw@posterous.com,Female,135.174.207.239
34,Sandor,Benthall,sbenthallx@si.edu,Male,174.135.104.225
35,Kerrie,Kunkler,kkunklery@godaddy.com,Female,74.175.29.180
36,Borden,Barks,bbarksz@columbia.edu,Male,55.94.222.163
37,Veriee,Braganza,vbraganza10@cnet.com,Female,14.98.55.191
38,Adorne,Grigorian,agrigorian11@canalblog.com,Female,10.69.152.126
39,Loree,Doring,ldoring12@elpais.com,Female,98.131.206.49
40,Nathanial,Delacote,ndelacote13@tumblr.com,Male,211.5.53.239
41,Kliment,Karpets,kkarpets14@ebay.co.uk,Male,9.247.155.138
42,Megen,Klimp,mklimp15@theatlantic.com,Female,64.102.186.55
43,Olympie,Upston,oupston16@webeden.co.uk,Female,112.81.33.189
44,Grady,Dunbobbin,gdunbobbin17@tumblr.com,Male,175.207.92.228
45,Vaughn,Yare,vyare18@elegantthemes.com,Male,139.18.144.70
46,Grace,Hews,ghews19@squidoo.com,Male,123.187.199.170
47,Nonnah,Catlin,ncatlin1a@sfgate.com,Female,49.15.236.164
48,Natalee,Brasher,nbrasher1b@ftc.gov,Female,61.127.141.79
49,Beryl,Gabbatiss,bgabbatiss1c@weebly.com,Female,245.1.185.92
50,Raimondo,Langlois,rlanglois1d@furl.net,Male,162.212.236.5
51,Cristie,Eardley,ceardley1e@etsy.com,Female,94.58.186.191
52,Lianna,McTurlough,lmcturlough1f@businessweek.com,Female,138.74.2.22
53,Alexis,Print,aprint1g@psu.edu,Male,117.198.218.218
54,Monique,Drinkhill,mdrinkhill1h@indiegogo.com,Female,85.50.182.23
55,Horton,Ellingford,hellingford1i@tripadvisor.com,Male,28.221.189.20
56,Todd,Salvador,tsalvador1j@parallels.com,Male,83.146.210.178
57,Ronni,Simons,rsimons1k@cmu.edu,Female,39.181.138.79
58,Carroll,Greson,cgreson1l@elpais.com,Male,73.2.181.76
59,Orlan,Glossop,oglossop1m@irs.gov,Male,99.144.96.255
60,Farleigh,Iozefovich,fiozefovich1n@cloudflare.com,Male,85.253.218.243
61,Juana,Robertet,jrobertet1o@examiner.com,Female,29.155.217.231
62,Harwell,Depper,hdepper1p@com.com,Male,81.100.164.174
63,Ian,Orritt,iorritt1q@xing.com,Male,33.97.83.229
64,Walker,Dudny,wdudny1r@imageshack.us,Male,154.41.12.62
65,Harman,Cavanagh,hcavanagh1s@unc.edu,Male,245.150.111.108
66,Giusto,Burfield,gburfield1t@so-net.ne.jp,Male,180.87.94.199
67,Madison,Trevethan,mtrevethan1u@163.com,Male,29.255.124.250
68,Violetta,Struijs,vstruijs1v@msn.com,Female,217.23.223.83
69,Rosalynd,Youde,ryoude1w@diigo.com,Female,97.234.85.43
70,Carola,Schnieder,cschnieder1x@netscape.com,Female,254.10.207.172
71,Henrie,McQuirk,hmcquirk1y@oaic.gov.au,Female,166.171.75.210
72,Hedwig,Picken,hpicken1z@patch.com,Female,7.194.217.182
73,Joel,Letford,jletford20@jalbum.net,Male,39.175.145.189
74,Helenelizabeth,Plummer,hplummer21@guardian.co.uk,Female,242.214.114.99
75,Demetria,Wemm,dwemm22@va.gov,Female,154.207.242.101
76,Rainer,Sabbins,rsabbins23@bloglovin.com,Male,165.42.156.103
77,Chris,Ousbie,cousbie24@technorati.com,Male,164.23.156.67
78,Ediva,Staite,estaite25@jugem.jp,Female,17.65.47.92
79,Kelsey,Highwood,khighwood26@moonfruit.com,Male,77.254.197.157
80,Gilbertine,Barke,gbarke27@shinystat.com,Female,244.245.111.50
81,Ladonna,Pople,lpople28@msn.com,Female,145.231.180.182
82,Kermy,Shakelady,kshakelady29@vinaora.com,Male,141.57.160.192
83,Dania,McMillan,dmcmillan2a@example.com,Female,7.193.154.130
84,Thedrick,Glandon,tglandon2b@ask.com,Male,164.148.239.251
85,Keane,Grandison,kgrandison2c@ucsd.edu,Male,11.174.31.163
86,Blayne,Clapp,bclapp2d@weibo.com,Male,100.158.32.79
87,Johan,Fyall,jfyall2e@vk.com,Male,66.17.254.149
88,Lorie,Stearnes,lstearnes2f@quantcast.com,Female,15.155.171.136
89,Andria,Mapletoft,amapletoft2g@php.net,Female,24.252.22.108
90,Sisile,Pherps,spherps2h@rakuten.co.jp,Female,80.222.198.161
91,Bordy,Kares,bkares2i@lulu.com,Male,147.199.195.161
92,Brockie,Marnane,bmarnane2j@umn.edu,Male,175.140.9.180
93,Antoinette,Lathom,alathom2k@ifeng.com,Female,124.206.180.110
94,Chic,Lodford,clodford2l@quantcast.com,Male,3.250.89.36
95,Coreen,Jacobsen,cjacobsen2m@example.com,Female,48.255.207.250
96,Mikel,Hamel,mhamel2n@people.com.cn,Male,79.226.228.26
97,Katusha,Cawse,kcawse2o@princeton.edu,Female,13.201.202.103
98,Rudy,Tomanek,rtomanek2p@census.gov,Male,255.174.167.160
99,Kleon,Harlin,kharlin2q@umich.edu,Male,75.176.6.125
100,Marla,Sanson,msanson2r@github.io,Female,134.45.16.74